{"appName":"go up India","appIconPath":"favicon.png","splashPath":"favicon.png","packageName":"com.mycomapny.mywebapp","versionName":"1.0.0","versionCode":1,"isFullscreen":true,"isHideTitleBar":false,"titleBarBackgroundColor":"#3F51B5","isAllowLongClick":true,"isShowLoadingUI":true,"isAllowZoom":false,"isPCMode":false,"isAllowAutoplay":true,"homePage":"index.html","withPHPEnv":false,"PHPPort":57249,"isAllowSwipeRefresh":true,"isAllowCamera":true,"isAllowMicrophone":true,"screenRotationMethod":0}